{"Version":2,"SourceFileDate":132591831238386968,"Flags":["FL_BITMAP_COMPRESSION","FL_BITMAP_MIPMAP","FL_BITMAP_QUALITY_HIGH","FL_BITMAP_PRECOMPUTED_INV_AVG"],"InvAvgColor":[1.4662590026855469,1.5716474056243896,2.4932105541229248],"HasTransp":true}