{"Version":2,"SourceFileDate":132591830657360616,"Flags":["FL_BITMAP_COMPRESSION","FL_BITMAP_MIPMAP","FL_BITMAP_QUALITY_HIGH","FL_BITMAP_PRECOMPUTED_INV_AVG"],"InvAvgColor":[1.4352263212203979,1.5394628047943115,2.4574089050292969],"HasTransp":true}