{"Version":2,"SourceFileDate":132591946385708557,"Flags":["FL_BITMAP_COMPRESSION","FL_BITMAP_MIPMAP","FL_BITMAP_QUALITY_HIGH","FL_BITMAP_PRECOMPUTED_INV_AVG"],"InvAvgColor":[1.4680227041244507,1.5734621286392212,2.4951906204223633],"HasTransp":true}