{"Version":2,"SourceFileDate":132591946100062953,"Flags":["FL_BITMAP_COMPRESSION","FL_BITMAP_MIPMAP","FL_BITMAP_QUALITY_HIGH","FL_BITMAP_PRECOMPUTED_INV_AVG"],"InvAvgColor":[1.4655280113220215,1.5708845853805542,2.4923646450042725],"HasTransp":true}