{"Version":2,"SourceFileDate":132611503179105773,"Flags":["FL_BITMAP_COMPRESSION","FL_BITMAP_MIPMAP","FL_BITMAP_QUALITY_HIGH","FL_BITMAP_PRECOMPUTED_INV_AVG"],"InvAvgColor":[1.3752957582473755,1.838630199432373,1.838630199432373],"HasTransp":true}